{
  "model_name": "naive_baseline",
  "train_rows": 9699,
  "test_rows": 2425,
  "accuracy": 0.462680412371134,
  "balanced_accuracy": 0.3333333333333333,
  "log_loss": 1.0591387413672269,
  "classification_report": {
    "0": {
      "precision": 0.462680412371134,
      "recall": 1.0,
      "f1-score": 0.6326473075838737,
      "support": 1122.0
    },
    "1": {
      "precision": 0.0,
      "recall": 0.0,
      "f1-score": 0.0,
      "support": 567.0
    },
    "2": {
      "precision": 0.0,
      "recall": 0.0,
      "f1-score": 0.0,
      "support": 736.0
    },
    "accuracy": 0.462680412371134,
    "macro avg": {
      "precision": 0.15422680412371134,
      "recall": 0.3333333333333333,
      "f1-score": 0.2108824358612912,
      "support": 2425.0
    },
    "weighted avg": {
      "precision": 0.2140731639919226,
      "recall": 0.462680412371134,
      "f1-score": 0.29271351715839433,
      "support": 2425.0
    }
  },
  "confusion_matrix": [
    [
      1122,
      0,
      0
    ],
    [
      567,
      0,
      0
    ],
    [
      736,
      0,
      0
    ]
  ]
}