{
  "model_name": "naive_baseline",
  "train_rows": 9707,
  "test_rows": 2427,
  "accuracy": 0.4610630407911001,
  "balanced_accuracy": 0.3333333333333333,
  "log_loss": 1.0598478950824846,
  "classification_report": {
    "0": {
      "precision": 0.4610630407911001,
      "recall": 1.0,
      "f1-score": 0.6311336717428088,
      "support": 1119.0
    },
    "1": {
      "precision": 0.0,
      "recall": 0.0,
      "f1-score": 0.0,
      "support": 566.0
    },
    "2": {
      "precision": 0.0,
      "recall": 0.0,
      "f1-score": 0.0,
      "support": 742.0
    },
    "accuracy": 0.4610630407911001,
    "macro avg": {
      "precision": 0.15368768026370003,
      "recall": 0.3333333333333333,
      "f1-score": 0.21037789058093626,
      "support": 2427.0
    },
    "weighted avg": {
      "precision": 0.21257912758353564,
      "recall": 0.4610630407911001,
      "f1-score": 0.2909924098393914,
      "support": 2427.0
    }
  },
  "confusion_matrix": [
    [
      1119,
      0,
      0
    ],
    [
      566,
      0,
      0
    ],
    [
      742,
      0,
      0
    ]
  ]
}