model_name,accuracy,balanced_accuracy,log_loss,training_seconds,draw_recall,draw_f1
logistic,0.5817882159044088,0.5415523211994718,0.8890559656740652,0.2246253490447998,0.27385159010600707,0.29107981220657275
random_forest,0.5916769674495261,0.531693027375492,0.8807585550909739,1.6063811779022217,0.16784452296819788,0.21714285714285714
xgboost,0.599917593737124,0.5162763251694829,0.8727896724024568,0.7460815906524658,0.05830388692579505,0.09836065573770492
naive_baseline,0.4610630407911001,0.3333333333333333,1.0598478950824846,0.0,0.0,0.0
